geo,geo.name,time,imr,note,,,,,
BRA,Brasil,2007,19,3,,,,,,
BRA,Brasil,2005,21,2,,,,,,
BRA,Brasil,2000,31,9,,,,,,
BRA001011,Rondonia,2000,29,4,,,,,,
BRA001012,Acre,2000,42,3,,,,,,
BRA001012,Acre,2005,29,5,,,,,,
BRA001012,Acre,2007,28,,,,,,
BRA001013,Amazonas,2000,32,1,,,,,,
BRA001013,Amazonas,2005,24,5,,,,,,
BRA001013,Amazonas,2007,21,5,,,,,,
BRA001014,Roraima,2000,26,3,,,,,,
BRA001014,Roraima,2005,18,1,,,,,,
BRA001014,Roraima,2007,16,6,,,,,,
BRA001015,Para,2000,32,7,,,,,,
BRA001015,Para,2005,24,5,,,,,,
BRA001015,Para,2007,23,1,,,,,,
BRA001016,Amapa,2000,25,8,,,,,,
BRA001016,Amapa,2005,22,9,,,,,,
BRA001016,Amapa,2007,20,8,,,,,,
BRA001017,Tocantins,2000,32,1,,,,,,
BRA001017,Tocantins,2005,23,2,,,,,,
BRA001017,Tocantins,2007,21,4,,,,,,
BRA002021,Maranhao,2000,50,4,,,,,,
BRA002021,Maranhao,2005,32,7,,,,,,
BRA002021,Maranhao,2007,30,1,,,,,,
BRA002022,Piaui,2000,44,,,,,,
BRA002022,Piaui,2005,28,7,,,,,,
BRA002022,Piaui,2007,26,2,,,,,,
BRA002023,Ceara,2000,46,5,,,,,,
BRA002023,Ceara,2005,27,5,,,,,,
BRA002023,Ceara,2007,24,3,,,,,,
BRA002024,Rio Grande do Norte,2000,53,3,,,,,,
BRA002024,Rio Grande do Norte,2005,33,6,,,,,,
BRA002024,Rio Grande do Norte,2007,29,9,,,,,,
BRA002025,Paraiba,2000,53,4,,,,,,
BRA002025,Paraiba,2005,34,,,,,,
BRA002025,Paraiba,2007,30,3,,,,,,
BRA002026,Pernambuco,2000,57,1,,,,,,
BRA002026,Pernambuco,2005,32,1,,,,,,
BRA002026,Pernambuco,2007,18,6,,,,,,
BRA002027,Alagoas,2000,69,4,,,,,,
BRA002027,Alagoas,2005,44,4,,,,,,
BRA002027,Alagoas,2007,41,3,,,,,,
BRA002028,Sergipe,2000,45,,,,,,
BRA002028,Sergipe,2005,32,2,,,,,,
BRA002028,Sergipe,2007,30,,,,,,
BRA002029,Bahia,2000,44,8,,,,,,
BRA002029,Bahia,2005,29,2,,,,,,
BRA002029,Bahia,2007,26,3,,,,,,
BRA003031,Minas Gerais,2000,26,,,,,,
BRA003031,Minas Gerais,2005,18,6,,,,,,
BRA003031,Minas Gerais,2007,17,4,,,,,,
BRA003032,Espirito Santo,2000,19,3,,,,,,
BRA003032,Espirito Santo,2005,15,6,,,,,,
BRA003032,Espirito Santo,2007,14,5,,,,,,
BRA003033,Rio de Janeiro,2000,24,,,,,,
BRA003033,Rio de Janeiro,2005,16,,,,,,
BRA003033,Rio de Janeiro,2007,14,6,,,,,,
BRA003035,Sao Paulo,2000,21,6,,,,,,
BRA003035,Sao Paulo,2005,13,5,,,,,,
BRA003035,Sao Paulo,2007,14,6,,,,,,
BRA004041,Parana,2000,19,1,,,,,,
BRA004041,Parana,2005,14,5,,,,,,
BRA004041,Parana,2007,13,1,,,,,,
BRA004042,Santa Catarina,2000,17,4,,,,,,
BRA004042,Santa Catarina,2005,12,6,,,,,,
BRA004042,Santa Catarina,2007,12,5,,,,,,
BRA004043,Rio Grande do Sul,2000,15,9,,,,,,
BRA004043,Rio Grande do Sul,2005,13,7,,,,,,
BRA004043,Rio Grande do Sul,2007,13,,,,,,
BRA005050,Mato Grosso do Sul,2000,26,1,,,,,,
BRA005050,Mato Grosso do Sul,2005,19,3,,,,,,
BRA005050,Mato Grosso do Sul,2007,19,2,,,,,,
BRA005051,Mato Grosso,2000,26,7,,,,,,
BRA005051,Mato Grosso,2005,19,6,,,,,,
BRA005051,Mato Grosso,2007,18,1,,,,,,
BRA005052,Goias,2000,24,4,,,,,,
BRA005052,Goias,2005,18,2,,,,,,
BRA005052,Goias,2007,17,,,,,,
BRA005053,Distrito Federal,2000,19,1,,,,,,
BRA005053,Distrito Federal,2005,13,6,,,,,,
BRA005053,Distrito Federal,2007,11,1,,,,,,
IND,India,1988,95,,,,,,
IND,India,1987,95,,,,,,
IND,India,1998,72,,,,,,
IND,India,1997,71,,,,,,
IND,India,1994,74,,,,,,
IND,India,2008,53,,,,,,
IND,India,1982,105,,,,,,
IND,India,2002,63,,,,,,
IND,India,2001,66,,,,,,
IND,India,2000,68,,,,,,
IND,India,1999,70,,,,,,
IND,India,1996,72,,,,,,
IND,India,1995,74,,,,,,
IND,India,1992,79,,,,,,
IND,India,1991,80,,,,,,
IND,India,1990,80,,,,,,
IND,India,1989,91,,,,,,
IND,India,1986,97,,,,,,
IND,India,1985,97,,,,,,
IND,India,1984,104,,,,,,
IND,India,1983,105,,,,,,
IND,India,1981,110,,,,,,
IND,India,1980,114,,,,,,
IND,India,1979,120,,,,,,
IND,India,1978,127,,,,,,
IND,India,1977,130,,,,,,
IND,India,1976,129,,,,,,
IND,India,1975,140,,,,,,
IND,India,1974,126,,,,,,
IND,India,1973,134,,,,,,
IND,India,1972,139,,,,,,
IND,India,1971,129,,,,,,
IND,India,2003,60,,,,,,
IND,India,2004,58,,,,,,
IND,India,2005,58,,,,,,
IND,India,2006,57,,,,,,
IND,India,2007,55,,,,,,
IND,India,2009,50,,,,,,
IND001,Jammu & Kashmir,1992,45,4,,,,,,
IND001,Jammu & Kashmir,1993,45,4,,,,,,
IND001,Jammu & Kashmir,1998,65,,,,,,
IND001,Jammu & Kashmir,1999,65,,,,,,
IND001,Jammu & Kashmir,2000,50,,,,,,
IND001,Jammu & Kashmir,2001,48,,,,,,
IND001,Jammu & Kashmir,2002,45,,,,,,
IND001,Jammu & Kashmir,2003,44,,,,,,
IND001,Jammu & Kashmir,2004,49,,,,,,
IND001,Jammu & Kashmir,2005,50,,,,,,
IND001,Jammu & Kashmir,2005,44,7,National Family Health Survey-3 Final Report, 2005-2006,,,,,
IND001,Jammu & Kashmir,2006,52,,,,,,
IND001,Jammu & Kashmir,2006,44,7,National Family Health Survey-3 Final Report, 2005-2006,,,,,
IND001,Jammu & Kashmir,2007,51,,,,,,
IND001,Jammu & Kashmir,2008,49,,,,,,
IND001,Jammu & Kashmir,2009,45,,,,,,
IND002,Himachal Pradesh,1990,68,4,,,,,,
IND002,Himachal Pradesh,1991,74,6,,,,,,
IND002,Himachal Pradesh,1992,68,8,,,,,,
IND002,Himachal Pradesh,1992,55,8,,,,,,
IND002,Himachal Pradesh,1993,65,6,,,,,,
IND002,Himachal Pradesh,1993,55,8,,,,,,
IND002,Himachal Pradesh,1994,59,,,,,,
IND002,Himachal Pradesh,1995,62,5,,,,,,
IND002,Himachal Pradesh,1996,62,,,,,,
IND002,Himachal Pradesh,1997,62,5,,,,,,
IND002,Himachal Pradesh,1998,63,,,,,,
IND002,Himachal Pradesh,1998,34,4,,,,,,
IND002,Himachal Pradesh,1999,54,,,,,,
IND002,Himachal Pradesh,1999,34,4,,,,,,
IND002,Himachal Pradesh,2000,60,,,,,,
IND002,Himachal Pradesh,2001,54,,,,,,
IND002,Himachal Pradesh,2002,52,,,,,,
IND002,Himachal Pradesh,2003,49,,,,,,
IND002,Himachal Pradesh,2004,51,,,,,,
IND002,Himachal Pradesh,2005,49,,,,,,
IND002,Himachal Pradesh,2005,36,1,National Family Health Survey-3 Final Report, 2005-2006,,,,,
IND002,Himachal Pradesh,2006,50,,,,,,
IND002,Himachal Pradesh,2006,36,1,National Family Health Survey-3 Final Report, 2005-2006,,,,,
IND002,Himachal Pradesh,2007,47,,,,,,
IND002,Himachal Pradesh,2008,44,,,,,,
IND002,Himachal Pradesh,2009,45,Based on three-years period 2007-09. On account of wide year-to-year fluctuations due to inadequate sample size, the infant mortality rate by sex, separately for rural and urban areas is not given.,,,,,
IND003,Punjab,1971,102,,,,,,
IND003,Punjab,1972,119,,,,,,
IND003,Punjab,1973,115,,,,,,
IND003,Punjab,1974,97,,,,,,
IND003,Punjab,1975,98,,,,,,
IND003,Punjab,1976,108,,,,,,
IND003,Punjab,1977,105,,,,,,
IND003,Punjab,1978,117,,,,,,
IND003,Punjab,1979,92,,,,,,
IND003,Punjab,1980,89,,,,,,
IND003,Punjab,1981,81,,,,,,
IND003,Punjab,1982,75,,,,,,
IND003,Punjab,1983,80,,,,,,
IND003,Punjab,1984,66,,,,,,
IND003,Punjab,1985,71,,,,,,
IND003,Punjab,1986,68,,,,,,
IND003,Punjab,1989,64,,,,,,
IND003,Punjab,1990,61,,,,,,
IND003,Punjab,1991,53,,,,,,
IND003,Punjab,1992,56,,,,,,
IND003,Punjab,1992,53,7,,,,,,
IND003,Punjab,1993,55,,,,,,
IND003,Punjab,1993,53,7,,,,,,
IND003,Punjab,1994,53,,,,,,
IND003,Punjab,1995,54,,,,,,
IND003,Punjab,1996,51,,,,,,
IND003,Punjab,1997,51,,,,,,
IND003,Punjab,1998,54,,,,,,
IND003,Punjab,1998,57,1,,,,,,
IND003,Punjab,1999,53,,,,,,
IND003,Punjab,1999,57,1,,,,,,
IND003,Punjab,2000,52,,,,,,
IND003,Punjab,2001,51,,,,,,
IND003,Punjab,2002,51,,,,,,
IND003,Punjab,2003,49,,,,,,
IND003,Punjab,2004,45,,,,,,
IND003,Punjab,2005,44,,,,,,
IND003,Punjab,2005,41,7,National Family Health Survey-3 Final Report, 2005-2006,,,,,
IND003,Punjab,2006,44,,,,,,
IND003,Punjab,2006,41,7,National Family Health Survey-3 Final Report, 2005-2006,,,,,
IND003,Punjab,2007,43,,,,,,
IND003,Punjab,2008,41,,,,,,
IND003,Punjab,2009,38,,,,,,
IND004,Chandigarh,1990,7,7,,,,,,
IND004,Chandigarh,1991,35,3,,,,,,
IND004,Chandigarh,1992,12,1,,,,,,
IND004,Chandigarh,1993,61,8,,,,,,
IND004,Chandigarh,1994,53,7,,,,,,
IND004,Chandigarh,1995,53,1,,,,,,
IND004,Chandigarh,1996,27,,,,,,
IND004,Chandigarh,1997,41,1,,,,,,
IND004,Chandigarh,2000,28,,,,,,
IND004,Chandigarh,2001,24,,,,,,
IND004,Chandigarh,2002,21,,,,,,
IND004,Chandigarh,2004,21,,,,,,
IND004,Chandigarh,2005,19,,,,,,
IND004,Chandigarh,2006,23,,,,,,
IND004,Chandigarh,2007,27,,,,,,
IND004,Chandigarh,2008,28,,,,,,
IND004,Chandigarh,2009,25,Based on three-years period 2007-09. On account of wide year-to-year fluctuations due to inadequate sample size, the infant mortality rate by sex, separately for rural and urban areas is not given.,,,,,
IND005,Uttarakhand,2000,50,,,,,,
IND005,Uttarakhand,2001,48,,,,,,
IND005,Uttarakhand,2002,41,,,,,,
IND005,Uttarakhand,2003,41,,,,,,
IND005,Uttarakhand,2004,42,,,,,,
IND005,Uttarakhand,2005,42,,,,,,
IND005,Uttarakhand,2005,41,9,National Family Health Survey-3 Final Report, 2005-2006,,,,,
IND005,Uttarakhand,2006,43,,,,,,
IND005,Uttarakhand,2006,41,9,National Family Health Survey-3 Final Report, 2005-2006,,,,,
IND005,Uttarakhand,2007,48,,,,,,
IND005,Uttarakhand,2008,44,,,,,,
IND005,Uttarakhand,2009,41,Based on three-years period 2007-09. On account of wide year-to-year fluctuations due to inadequate sample size, the infant mortality rate by sex, separately for rural and urban areas is not given.,,,,,
IND006,Haryana,1971,72,,,,,,
IND006,Haryana,1972,94,,,,,,
IND006,Haryana,1973,104,,,,,,
IND006,Haryana,1974,102,,,,,,
IND006,Haryana,1975,114,,,,,,
IND006,Haryana,1976,112,,,,,,
IND006,Haryana,1977,113,,,,,,
IND006,Haryana,1978,109,,,,,,
IND006,Haryana,1979,100,,,,,,
IND006,Haryana,1980,103,,,,,,
IND006,Haryana,1981,101,,,,,,
IND006,Haryana,1982,93,,,,,,
IND006,Haryana,1983,91,,,,,,
IND006,Haryana,1984,101,,,,,,
IND006,Haryana,1985,85,,,,,,
IND006,Haryana,1986,85,,,,,,
IND006,Haryana,1989,82,,,,,,
IND006,Haryana,1990,69,,,,,,
IND006,Haryana,1991,68,,,,,,
IND006,Haryana,1992,75,,,,,,
IND006,Haryana,1992,73,3,,,,,,
IND006,Haryana,1993,66,,,,,,
IND006,Haryana,1993,73,3,,,,,,
IND006,Haryana,1994,70,,,,,,
IND006,Haryana,1995,69,,,,,,
IND006,Haryana,1996,68,,,,,,
IND006,Haryana,1997,68,,,,,,
IND006,Haryana,1998,70,,,,,,
IND006,Haryana,1998,56,8,,,,,,
IND006,Haryana,1999,68,,,,,,
IND006,Haryana,1999,56,8,,,,,,
IND006,Haryana,2000,67,,,,,,
IND006,Haryana,2001,65,,,,,,
IND006,Haryana,2002,62,,,,,,
IND006,Haryana,2003,59,,,,,,
IND006,Haryana,2004,61,,,,,,
IND006,Haryana,2005,60,,,,,,
IND006,Haryana,2005,41,7,National Family Health Survey-3 Final Report, 2005-2006,,,,,
IND006,Haryana,2006,57,,,,,,
IND006,Haryana,2006,41,7,National Family Health Survey-3 Final Report, 2005-2006,,,,,
IND006,Haryana,2007,55,,,,,,
IND006,Haryana,2008,54,,,,,,
IND006,Haryana,2009,51,,,,,,
IND007,Delhi,1990,42,7,,,,,,
IND007,Delhi,1991,42,7,,,,,,
IND007,Delhi,1992,43,5,,,,,,
IND007,Delhi,1992,65,4,,,,,,
IND007,Delhi,1993,25,,,,,,
IND007,Delhi,1993,65,4,,,,,,
IND007,Delhi,1994,54,1,,,,,,
IND007,Delhi,1995,35,5,,,,,,
IND007,Delhi,1996,40,7,,,,,,
IND007,Delhi,1997,29,1,,,,,,
IND007,Delhi,1998,46,8,,,,,,
IND007,Delhi,1999,46,8,,,,,,
IND007,Delhi,2000,32,,,,,,
IND007,Delhi,2001,29,,,,,,
IND007,Delhi,2002,30,,,,,,
IND007,Delhi,2004,32,,,,,,
IND007,Delhi,2005,35,,,,,,
IND007,Delhi,2005,39,8,National Family Health Survey-3 Final Report, 2005-2006,,,,,
IND007,Delhi,2006,37,,,,,,
IND007,Delhi,2006,39,8,National Family Health Survey-3 Final Report, 2005-2006,,,,,
IND007,Delhi,2007,36,,,,,,
IND007,Delhi,2008,35,,,,,,
IND007,Delhi,2009,33,,,,,,
IND008,Rajasthan,1972,123,,,,,,
IND008,Rajasthan,1973,137,,,,,,
IND008,Rajasthan,1974,133,,,,,,
IND008,Rajasthan,1975,155,,,,,,
IND008,Rajasthan,1976,142,,,,,,
IND008,Rajasthan,1977,142,,,,,,
IND008,Rajasthan,1978,40,,,,,,
IND008,Rajasthan,1979,109,,,,,,
IND008,Rajasthan,1980,105,,,,,,
IND008,Rajasthan,1981,108,,,,,,
IND008,Rajasthan,1982,97,,,,,,
IND008,Rajasthan,1983,109,,,,,,
IND008,Rajasthan,1984,122,,,,,,
IND008,Rajasthan,1985,108,,,,,,
IND008,Rajasthan,1986,107,,,,,,
IND008,Rajasthan,1989,96,,,,,,
IND008,Rajasthan,1990,84,,,,,,
IND008,Rajasthan,1991,79,,,,,,
IND008,Rajasthan,1992,90,,,,,,
IND008,Rajasthan,1992,72,6,,,,,,
IND008,Rajasthan,1993,82,,,,,,
IND008,Rajasthan,1993,72,6,,,,,,
IND008,Rajasthan,1994,84,,,,,,
IND008,Rajasthan,1995,86,,,,,,
IND008,Rajasthan,1996,85,,,,,,
IND008,Rajasthan,1997,85,,,,,,
IND008,Rajasthan,1998,83,,,,,,
IND008,Rajasthan,1998,80,4,,,,,,
IND008,Rajasthan,1999,81,,,,,,
IND008,Rajasthan,1999,80,4,,,,,,
IND008,Rajasthan,2000,79,,,,,,
IND008,Rajasthan,2001,79,,,,,,
IND008,Rajasthan,2002,78,,,,,,
IND008,Rajasthan,2003,75,,,,,,
IND008,Rajasthan,2004,67,,,,,,
IND008,Rajasthan,2005,68,,,,,,
IND008,Rajasthan,2005,65,3,National Family Health Survey-3 Final Report, 2005-2006,,,,,
IND008,Rajasthan,2006,67,,,,,,
IND008,Rajasthan,2006,65,3,National Family Health Survey-3 Final Report, 2005-2006,,,,,
IND008,Rajasthan,2007,65,,,,,,
IND008,Rajasthan,2008,63,,,,,,
IND008,Rajasthan,2009,59,,,,,,
IND009,Uttar Pradesh,1971,167,,,,,,
IND009,Uttar Pradesh,1972,202,,,,,,
IND009,Uttar Pradesh,1973,176,,,,,,
IND009,Uttar Pradesh,1974,172,,,,,,
IND009,Uttar Pradesh,1975,198,,,,,,
IND009,Uttar Pradesh,1976,178,,,,,,
IND009,Uttar Pradesh,1977,168,,,,,,
IND009,Uttar Pradesh,1978,177,,,,,,
IND009,Uttar Pradesh,1979,162,,,,,,
IND009,Uttar Pradesh,1980,159,,,,,,
IND009,Uttar Pradesh,1981,150,,,,,,
IND009,Uttar Pradesh,1982,147,,,,,,
IND009,Uttar Pradesh,1983,155,,,,,,
IND009,Uttar Pradesh,1984,155,,,,,,
IND009,Uttar Pradesh,1985,142,,,,,,
IND009,Uttar Pradesh,1986,132,,,,,,
IND009,Uttar Pradesh,1989,118,,,,,,
IND009,Uttar Pradesh,1991,97,,,,,,
IND009,Uttar Pradesh,1992,98,,,,,,
IND009,Uttar Pradesh,1992,99,9,,,,,,
IND009,Uttar Pradesh,1993,93,,,,,,
IND009,Uttar Pradesh,1993,99,9,,,,,,
IND009,Uttar Pradesh,1994,88,,,,,,
IND009,Uttar Pradesh,1995,86,,,,,,
IND009,Uttar Pradesh,1996,85,,,,,,
IND009,Uttar Pradesh,1997,85,,,,,,
IND009,Uttar Pradesh,1998,85,,,,,,
IND009,Uttar Pradesh,1998,86,7,,,,,,
IND009,Uttar Pradesh,1999,84,,,,,,
IND009,Uttar Pradesh,1999,86,7,,,,,,
IND009,Uttar Pradesh,2000,83,,,,,,
IND009,Uttar Pradesh,2001,82,,,,,,
IND009,Uttar Pradesh,2002,80,,,,,,
IND009,Uttar Pradesh,2003,76,,,,,,
IND009,Uttar Pradesh,2004,72,,,,,,
IND009,Uttar Pradesh,2005,73,,,,,,
IND009,Uttar Pradesh,2005,72,7,National Family Health Survey-3 Final Report, 2005-2006,,,,,
IND009,Uttar Pradesh,2006,71,,,,,,
IND009,Uttar Pradesh,2006,72,7,National Family Health Survey-3 Final Report, 2005-2006,,,,,
IND009,Uttar Pradesh,2007,69,,,,,,
IND009,Uttar Pradesh,2008,67,,,,,,
IND009,Uttar Pradesh,2009,63,,,,,,
IND010,Bihar,1981,118,,,,,,
IND010,Bihar,1982,112,,,,,,
IND010,Bihar,1983,99,,,,,,
IND010,Bihar,1984,95,,,,,,
IND010,Bihar,1985,106,,,,,,
IND010,Bihar,1986,101,,,,,,
IND010,Bihar,1989,91,,,,,,
IND010,Bihar,1991,69,,,,,,
IND010,Bihar,1992,73,,,,,,
IND010,Bihar,1992,89,2,,,,,,
IND010,Bihar,1993,70,,,,,,
IND010,Bihar,1993,89,2,,,,,,
IND010,Bihar,1994,67,,,,,,
IND010,Bihar,1995,73,,,,,,
IND010,Bihar,1996,71,,,,,,
IND010,Bihar,1997,71,,,,,,
IND010,Bihar,1998,67,,,,,,
IND010,Bihar,1998,72,9,,,,,,
IND010,Bihar,1999,63,,,,,,
IND010,Bihar,1999,72,9,,,,,,
IND010,Bihar,2000,62,,,,,,
IND010,Bihar,2001,62,,,,,,
IND010,Bihar,2002,61,,,,,,
IND010,Bihar,2003,60,,,,,,
IND010,Bihar,2004,61,,,,,,
IND010,Bihar,2005,61,,,,,,
IND010,Bihar,2005,61,7,National Family Health Survey-3 Final Report, 2005-2006,,,,,
IND010,Bihar,2006,60,,,,,,
IND010,Bihar,2006,61,7,National Family Health Survey-3 Final Report, 2005-2006,,,,,
IND010,Bihar,2007,58,,,,,,
IND010,Bihar,2008,56,,,,,,
IND010,Bihar,2009,52,,,,,,
IND011,Sikkim,1991,51,,,,,,
IND011,Sikkim,1992,29,,,,,,
IND011,Sikkim,1993,38,,,,,,
IND011,Sikkim,1994,26,8,,,,,,
IND011,Sikkim,1995,62,1,,,,,,
IND011,Sikkim,1996,52,9,,,,,,
IND011,Sikkim,1997,36,8,,,,,,
IND011,Sikkim,1998,43,9,,,,,,
IND011,Sikkim,1999,43,9,,,,,,
IND011,Sikkim,2000,49,,,,,,
IND011,Sikkim,2001,42,,,,,,
IND011,Sikkim,2002,34,,,,,,
IND011,Sikkim,2003,33,,,,,,
IND011,Sikkim,2004,32,,,,,,
IND011,Sikkim,2005,30,,,,,,
IND011,Sikkim,2005,33,7,National Family Health Survey-3 Final Report, 2005-2006,,,,,
IND011,Sikkim,2006,33,,,,,,
IND011,Sikkim,2006,33,7,National Family Health Survey-3 Final Report, 2005-2006,,,,,
IND011,Sikkim,2007,34,,,,,,
IND011,Sikkim,2008,33,,,,,,
IND011,Sikkim,2009,34,Based on three-years period 2007-09. On account of wide year-to-year fluctuations due to inadequate sample size, the infant mortality rate by sex, separately for rural and urban areas is not given.,,,,,
IND012,Arunachal Pradesh,1991,64,5,,,,,,
IND012,Arunachal Pradesh,1992,43,7,,,,,,
IND012,Arunachal Pradesh,1992,40,,,,,,
IND012,Arunachal Pradesh,1993,59,2,,,,,,
IND012,Arunachal Pradesh,1993,40,,,,,,
IND012,Arunachal Pradesh,1994,40,1,,,,,,
IND012,Arunachal Pradesh,1995,51,9,,,,,,
IND012,Arunachal Pradesh,1996,38,6,,,,,,
IND012,Arunachal Pradesh,1997,51,9,,,,,,
IND012,Arunachal Pradesh,1998,63,1,,,,,,
IND012,Arunachal Pradesh,1999,63,1,,,,,,
IND012,Arunachal Pradesh,2000,44,,,,,,
IND012,Arunachal Pradesh,2001,39,,,,,,
IND012,Arunachal Pradesh,2002,37,,,,,,
IND012,Arunachal Pradesh,2003,34,,,,,,
IND012,Arunachal Pradesh,2004,38,,,,,,
IND012,Arunachal Pradesh,2005,37,,,,,,
IND012,Arunachal Pradesh,2005,60,7,National Family Health Survey-3 Final Report, 2005-2006,,,,,
IND012,Arunachal Pradesh,2006,40,,,,,,
IND012,Arunachal Pradesh,2006,60,7,National Family Health Survey-3 Final Report, 2005-2006,,,,,
IND012,Arunachal Pradesh,2007,37,,,,,,
IND012,Arunachal Pradesh,2008,32,,,,,,
IND012,Arunachal Pradesh,2009,32,Based on three-years period 2007-09. On account of wide year-to-year fluctuations due to inadequate sample size, the infant mortality rate by sex, separately for rural and urban areas is not given.,,,,,
IND013,Nagaland,1991,6,6,,,,,,
IND013,Nagaland,1992,3,4,,,,,,
IND013,Nagaland,1992,17,2,,,,,,
IND013,Nagaland,1993,9,2,,,,,,
IND013,Nagaland,1993,17,2,,,,,,
IND013,Nagaland,1994,0,,,,,,
IND013,Nagaland,1995,0,,,,,,
IND013,Nagaland,1996,32,8,,,,,,
IND013,Nagaland,1998,42,1,,,,,,
IND013,Nagaland,1999,42,1,,,,,,
IND013,Nagaland,2005,38,3,National Family Health Survey-3 Final Report, 2005-2006,,,,,
IND013,Nagaland,2006,20,,,,,,
IND013,Nagaland,2006,38,3,National Family Health Survey-3 Final Report, 2005-2006,,,,,
IND013,Nagaland,2007,21,,,,,,
IND013,Nagaland,2008,26,,,,,,
IND013,Nagaland,2009,26,Based on three-years period 2007-09. On account of wide year-to-year fluctuations due to inadequate sample size, the infant mortality rate by sex, separately for rural and urban areas is not given.,,,,,
IND014,Manipur,1991,21,7,,,,,,
IND014,Manipur,1992,23,,,,,,
IND014,Manipur,1992,42,4,,,,,,
IND014,Manipur,1993,26,3,,,,,,
IND014,Manipur,1993,42,4,,,,,,
IND014,Manipur,1994,23,8,,,,,,
IND014,Manipur,1995,35,7,,,,,,
IND014,Manipur,1996,23,6,,,,,,
IND014,Manipur,1997,30,5,,,,,,
IND014,Manipur,1998,37,,,,,,
IND014,Manipur,1999,37,,,,,,
IND014,Manipur,2000,23,,,,,,
IND014,Manipur,2001,20,,,,,,
IND014,Manipur,2002,14,,,,,,
IND014,Manipur,2003,16,,,,,,
IND014,Manipur,2004,14,,,,,,
IND014,Manipur,2005,13,,,,,,
IND014,Manipur,2005,29,7,National Family Health Survey-3 Final Report, 2005-2006,,,,,
IND014,Manipur,2006,11,,,,,,
IND014,Manipur,2006,29,7,National Family Health Survey-3 Final Report, 2005-2006,,,,,
IND014,Manipur,2007,12,,,,,,
IND014,Manipur,2008,14,,,,,,
IND014,Manipur,2009,16,Based on three-years period 2007-09. On account of wide year-to-year fluctuations due to inadequate sample size, the infant mortality rate by sex, separately for rural and urban areas is not given.,,,,,
IND015,Mizoram,1992,14,6,,,,,,
IND015,Mizoram,1993,14,6,,,,,,
IND015,Mizoram,1998,37,,,,,,
IND015,Mizoram,1999,37,,,,,,
IND015,Mizoram,2000,21,,,,,,
IND015,Mizoram,2001,19,,,,,,
IND015,Mizoram,2002,14,,,,,,
IND015,Mizoram,2003,16,,,,,,
IND015,Mizoram,2004,19,,,,,,
IND015,Mizoram,2005,20,,,,,,
IND015,Mizoram,2005,34,1,National Family Health Survey-3 Final Report, 2005-2006,,,,,
IND015,Mizoram,2006,25,,,,,,
IND015,Mizoram,2006,34,1,National Family Health Survey-3 Final Report, 2005-2006,,,,,
IND015,Mizoram,2007,23,,,,,,
IND015,Mizoram,2008,37,,,,,,
IND015,Mizoram,2009,36,Based on three-years period 2007-09. On account of wide year-to-year fluctuations due to inadequate sample size, the infant mortality rate by sex, separately for rural and urban areas is not given.,,,,,
IND016,Tripura,1991,56,2,,,,,,
IND016,Tripura,1992,49,9,,,,,,
IND016,Tripura,1992,75,8,,,,,,
IND016,Tripura,1993,43,1,,,,,,
IND016,Tripura,1993,75,8,,,,,,
IND016,Tripura,1994,39,1,,,,,,
IND016,Tripura,1995,59,9,,,,,,
IND016,Tripura,1996,48,5,,,,,,
IND016,Tripura,1997,45,5,,,,,,
IND016,Tripura,1998,44,2,,,,,,
IND016,Tripura,1999,44,2,,,,,,
IND016,Tripura,2000,41,,,,,,
IND016,Tripura,2001,39,,,,,,
IND016,Tripura,2002,34,,,,,,
IND016,Tripura,2003,32,,,,,,
IND016,Tripura,2004,32,,,,,,
IND016,Tripura,2005,31,,,,,,
IND016,Tripura,2005,51,5,National Family Health Survey-3 Final Report, 2005-2006,,,,,
IND016,Tripura,2006,36,,,,,,
IND016,Tripura,2006,51,5,National Family Health Survey-3 Final Report, 2005-2006,,,,,
IND016,Tripura,2007,39,,,,,,
IND016,Tripura,2008,34,,,,,,
IND016,Tripura,2009,31,Based on three-years period 2007-09. On account of wide year-to-year fluctuations due to inadequate sample size, the infant mortality rate by sex, separately for rural and urban areas is not given.,,,,,
IND017,Meghalaya,1991,57,,,,,,
IND017,Meghalaya,1992,64,7,,,,,,
IND017,Meghalaya,1992,64,2,,,,,,
IND017,Meghalaya,1993,38,2,,,,,,
IND017,Meghalaya,1993,64,2,,,,,,
IND017,Meghalaya,1994,47,3,,,,,,
IND017,Meghalaya,1995,50,5,,,,,,
IND017,Meghalaya,1996,47,7,,,,,,
IND017,Meghalaya,1997,65,4,,,,,,
IND017,Meghalaya,1998,89,,,,,,
IND017,Meghalaya,1999,89,,,,,,
IND017,Meghalaya,2000,58,,,,,,
IND017,Meghalaya,2001,56,,,,,,
IND017,Meghalaya,2002,61,,,,,,
IND017,Meghalaya,2003,57,,,,,,
IND017,Meghalaya,2004,54,,,,,,
IND017,Meghalaya,2005,49,,,,,,
IND017,Meghalaya,2005,44,6,National Family Health Survey-3 Final Report, 2005-2006,,,,,
IND017,Meghalaya,2006,53,,,,,,
IND017,Meghalaya,2006,44,6,National Family Health Survey-3 Final Report, 2005-2006,,,,,
IND017,Meghalaya,2007,56,,,,,,
IND017,Meghalaya,2008,58,,,,,,
IND017,Meghalaya,2009,59,Based on three-years period 2007-09. On account of wide year-to-year fluctuations due to inadequate sample size, the infant mortality rate by sex, separately for rural and urban areas is not given.,,,,,
IND018,Assam,1971,139,,,,,,
IND018,Assam,1972,136,,,,,,
IND018,Assam,1973,136,,,,,,
IND018,Assam,1974,136,,,,,,
IND018,Assam,1975,144,,,,,,
IND018,Assam,1976,124,,,,,,
IND018,Assam,1977,115,,,,,,
IND018,Assam,1978,118,,,,,,
IND018,Assam,1979,104,,,,,,
IND018,Assam,1980,103,,,,,,
IND018,Assam,1981,106,,,,,,
IND018,Assam,1982,102,,,,,,
IND018,Assam,1983,94,,,,,,
IND018,Assam,1984,99,,,,,,
IND018,Assam,1985,111,,,,,,
IND018,Assam,1986,109,,,,,,
IND018,Assam,1989,91,,,,,,
IND018,Assam,1991,81,,,,,,
IND018,Assam,1992,82,,,,,,
IND018,Assam,1992,88,7,,,,,,
IND018,Assam,1993,81,,,,,,
IND018,Assam,1993,88,7,,,,,,
IND018,Assam,1994,78,,,,,,
IND018,Assam,1995,77,,,,,,
IND018,Assam,1996,74,,,,,,
IND018,Assam,1997,76,,,,,,
IND018,Assam,1998,76,,,,,,
IND018,Assam,1998,69,5,,,,,,
IND018,Assam,1999,76,,,,,,
IND018,Assam,1999,69,5,,,,,,
IND018,Assam,2000,75,,,,,,
IND018,Assam,2001,73,,,,,,
IND018,Assam,2002,70,,,,,,
IND018,Assam,2003,67,,,,,,
IND018,Assam,2004,66,,,,,,
IND018,Assam,2005,68,,,,,,
IND018,Assam,2005,66,1,National Family Health Survey-3 Final Report, 2005-2006,,,,,
IND018,Assam,2006,67,,,,,,
IND018,Assam,2006,66,1,National Family Health Survey-3 Final Report, 2005-2006,,,,,
IND018,Assam,2007,66,,,,,,
IND018,Assam,2008,64,,,,,,
IND018,Assam,2009,61,,,,,,
IND019,West Bengal,1981,91,,,,,,
IND019,West Bengal,1982,86,,,,,,
IND019,West Bengal,1983,84,,,,,,
IND019,West Bengal,1984,82,,,,,,
IND019,West Bengal,1985,74,,,,,,
IND019,West Bengal,1986,71,,,,,,
IND019,West Bengal,1987,71,,,,,,
IND019,West Bengal,1989,77,,,,,,
IND019,West Bengal,1991,71,,,,,,
IND019,West Bengal,1992,65,,,,,,
IND019,West Bengal,1992,75,3,,,,,,
IND019,West Bengal,1993,58,,,,,,
IND019,West Bengal,1993,75,3,,,,,,
IND019,West Bengal,1994,62,,,,,,
IND019,West Bengal,1995,58,,,,,,
IND019,West Bengal,1996,55,,,,,,
IND019,West Bengal,1997,55,,,,,,
IND019,West Bengal,1998,53,,,,,,
IND019,West Bengal,1998,48,7,,,,,,
IND019,West Bengal,1999,52,,,,,,
IND019,West Bengal,1999,48,7,,,,,,
IND019,West Bengal,2000,51,,,,,,
IND019,West Bengal,2001,51,,,,,,
IND019,West Bengal,2002,49,,,,,,
IND019,West Bengal,2003,46,,,,,,
IND019,West Bengal,2004,40,,,,,,
IND019,West Bengal,2005,38,,,,,,
IND019,West Bengal,2005,48,National Family Health Survey-3 Final Report, 2005-2006,,,,,
IND019,West Bengal,2006,38,,,,,,
IND019,West Bengal,2006,48,National Family Health Survey-3 Final Report, 2005-2006,,,,,
IND019,West Bengal,2007,37,,,,,,
IND019,West Bengal,2008,35,,,,,,
IND019,West Bengal,2009,33,,,,,,
IND020,Jharkhand,2000,70,,,,,,
IND020,Jharkhand,2001,62,,,,,,
IND020,Jharkhand,2002,51,,,,,,
IND020,Jharkhand,2003,51,,,,,,
IND020,Jharkhand,2004,49,,,,,,
IND020,Jharkhand,2005,50,,,,,,
IND020,Jharkhand,2005,68,7,National Family Health Survey-3 Final Report, 2005-2006,,,,,
IND020,Jharkhand,2006,49,,,,,,
IND020,Jharkhand,2006,68,7,National Family Health Survey-3 Final Report, 2005-2006,,,,,
IND020,Jharkhand,2007,48,,,,,,
IND020,Jharkhand,2008,46,,,,,,
IND020,Jharkhand,2009,44,,,,,,
IND021,Orissa,1971,127,,,,,,
IND021,Orissa,1972,131,,,,,,
IND021,Orissa,1973,145,,,,,,
IND021,Orissa,1974,150,,,,,,
IND021,Orissa,1975,149,,,,,,
IND021,Orissa,1976,127,,,,,,
IND021,Orissa,1977,147,,,,,,
IND021,Orissa,1978,133,,,,,,
IND021,Orissa,1979,149,,,,,,
IND021,Orissa,1980,143,,,,,,
IND021,Orissa,1981,135,,,,,,
IND021,Orissa,1982,132,,,,,,
IND021,Orissa,1983,126,,,,,,
IND021,Orissa,1984,131,,,,,,
IND021,Orissa,1985,132,,,,,,
IND021,Orissa,1986,123,,,,,,
IND021,Orissa,1987,126,,,,,,
IND021,Orissa,1989,121,,,,,,
IND021,Orissa,1991,124,,,,,,
IND021,Orissa,1992,115,,,,,,
IND021,Orissa,1992,112,1,,,,,,
IND021,Orissa,1993,110,,,,,,
IND021,Orissa,1993,112,1,,,,,,
IND021,Orissa,1994,103,,,,,,
IND021,Orissa,1995,103,,,,,,
IND021,Orissa,1996,96,,,,,,
IND021,Orissa,1997,96,,,,,,
IND021,Orissa,1998,98,,,,,,
IND021,Orissa,1998,81,,,,,,
IND021,Orissa,1999,97,,,,,,
IND021,Orissa,1999,81,,,,,,
IND021,Orissa,2000,95,,,,,,
IND021,Orissa,2001,90,,,,,,
IND021,Orissa,2002,87,,,,,,
IND021,Orissa,2003,83,,,,,,
IND021,Orissa,2004,77,,,,,,
IND021,Orissa,2005,75,,,,,,
IND021,Orissa,2005,64,7,National Family Health Survey-3 Final Report, 2005-2006,,,,,
IND021,Orissa,2006,73,,,,,,
IND021,Orissa,2006,64,7,National Family Health Survey-3 Final Report, 2005-2006,,,,,
IND021,Orissa,2007,71,,,,,,
IND021,Orissa,2008,69,,,,,,
IND021,Orissa,2009,65,,,,,,
IND022,Chhattisgarh,2000,79,,,,,,
IND022,Chhattisgarh,2001,76,,,,,,
IND022,Chhattisgarh,2002,73,,,,,,
IND022,Chhattisgarh,2003,70,,,,,,
IND022,Chhattisgarh,2004,60,,,,,,
IND022,Chhattisgarh,2005,63,,,,,,
IND022,Chhattisgarh,2005,70,8,National Family Health Survey-3 Final Report, 2005-2006,,,,,
IND022,Chhattisgarh,2006,61,,,,,,
IND022,Chhattisgarh,2006,70,8,National Family Health Survey-3 Final Report, 2005-2006,,,,,
IND022,Chhattisgarh,2007,59,,,,,,
IND022,Chhattisgarh,2008,57,,,,,,
IND022,Chhattisgarh,2009,54,,,,,,
IND023,Madhya Pradesh,1971,135,,,,,,
IND023,Madhya Pradesh,1972,156,,,,,,
IND023,Madhya Pradesh,1973,145,,,,,,
IND023,Madhya Pradesh,1974,137,,,,,,
IND023,Madhya Pradesh,1975,151,,,,,,
IND023,Madhya Pradesh,1976,138,,,,,,
IND023,Madhya Pradesh,1977,148,,,,,,
IND023,Madhya Pradesh,1978,143,,,,,,
IND023,Madhya Pradesh,1979,143,,,,,,
IND023,Madhya Pradesh,1980,142,,,,,,
IND023,Madhya Pradesh,1981,142,,,,,,
IND023,Madhya Pradesh,1982,134,,,,,,
IND023,Madhya Pradesh,1983,125,,,,,,
IND023,Madhya Pradesh,1984,121,,,,,,
IND023,Madhya Pradesh,1985,122,,,,,,
IND023,Madhya Pradesh,1986,118,,,,,,
IND023,Madhya Pradesh,1987,120,,,,,,
IND023,Madhya Pradesh,1991,117,,,,,,
IND023,Madhya Pradesh,1992,104,,,,,,
IND023,Madhya Pradesh,1992,85,2,,,,,,
IND023,Madhya Pradesh,1993,106,,,,,,
IND023,Madhya Pradesh,1993,85,2,,,,,,
IND023,Madhya Pradesh,1994,98,,,,,,
IND023,Madhya Pradesh,1995,99,,,,,,
IND023,Madhya Pradesh,1996,97,,,,,,
IND023,Madhya Pradesh,1997,94,,,,,,
IND023,Madhya Pradesh,1998,98,,,,,,
IND023,Madhya Pradesh,1998,86,1,,,,,,
IND023,Madhya Pradesh,1999,90,,,,,,
IND023,Madhya Pradesh,1999,86,1,,,,,,
IND023,Madhya Pradesh,2000,87,,,,,,
IND023,Madhya Pradesh,2001,86,,,,,,
IND023,Madhya Pradesh,2002,85,,,,,,
IND023,Madhya Pradesh,2003,82,,,,,,
IND023,Madhya Pradesh,2004,79,,,,,,
IND023,Madhya Pradesh,2005,76,,,,,,
IND023,Madhya Pradesh,2005,69,5,National Family Health Survey-3 Final Report, 2005-2006,,,,,
IND023,Madhya Pradesh,2006,74,,,,,,
IND023,Madhya Pradesh,2006,69,5,National Family Health Survey-3 Final Report, 2005-2006,,,,,
IND023,Madhya Pradesh,2007,72,,,,,,
IND023,Madhya Pradesh,2008,70,,,,,,
IND023,Madhya Pradesh,2009,67,,,,,,
IND024,Gujarat,1971,144,,,,,,
IND024,Gujarat,1972,128,,,,,,
IND024,Gujarat,1973,161,,,,,,
IND024,Gujarat,1974,109,,,,,,
IND024,Gujarat,1975,154,,,,,,
IND024,Gujarat,1976,146,,,,,,
IND024,Gujarat,1977,138,,,,,,
IND024,Gujarat,1978,122,,,,,,
IND024,Gujarat,1979,123,,,,,,
IND024,Gujarat,1980,113,,,,,,
IND024,Gujarat,1981,116,,,,,,
IND024,Gujarat,1982,111,,,,,,
IND024,Gujarat,1983,106,,,,,,
IND024,Gujarat,1984,106,,,,,,
IND024,Gujarat,1985,98,,,,,,
IND024,Gujarat,1986,107,,,,,,
IND024,Gujarat,1987,97,,,,,,
IND024,Gujarat,1990,72,,,,,,
IND024,Gujarat,1991,69,,,,,,
IND024,Gujarat,1992,67,,,,,,
IND024,Gujarat,1992,68,7,,,,,,
IND024,Gujarat,1993,58,,,,,,
IND024,Gujarat,1993,68,7,,,,,,
IND024,Gujarat,1994,64,,,,,,
IND024,Gujarat,1995,62,,,,,,
IND024,Gujarat,1996,61,,,,,,
IND024,Gujarat,1997,62,,,,,,
IND024,Gujarat,1998,64,,,,,,
IND024,Gujarat,1998,62,6,,,,,,
IND024,Gujarat,1999,63,,,,,,
IND024,Gujarat,1999,62,6,,,,,,
IND024,Gujarat,2000,62,,,,,,
IND024,Gujarat,2001,60,,,,,,
IND024,Gujarat,2002,60,,,,,,
IND024,Gujarat,2003,57,,,,,,
IND024,Gujarat,2004,53,,,,,,
IND024,Gujarat,2005,54,,,,,,
IND024,Gujarat,2005,49,7,National Family Health Survey-3 Final Report, 2005-2006,,,,,
IND024,Gujarat,2006,53,,,,,,
IND024,Gujarat,2006,49,7,National Family Health Survey-3 Final Report, 2005-2006,,,,,
IND024,Gujarat,2007,52,,,,,,
IND024,Gujarat,2008,50,,,,,,
IND024,Gujarat,2009,48,,,,,,
IND025,Daman & Diu,1990,58,6,,,,,,
IND025,Daman & Diu,1991,51,6,,,,,,
IND025,Daman & Diu,1992,35,3,,,,,,
IND025,Daman & Diu,1993,24,3,,,,,,
IND025,Daman & Diu,1994,30,6,,,,,,
IND025,Daman & Diu,1995,38,4,,,,,,
IND025,Daman & Diu,1996,60,6,,,,,,
IND025,Daman & Diu,1997,14,8,,,,,,
IND025,Daman & Diu,2000,48,,,,,,
IND025,Daman & Diu,2001,40,,,,,,
IND025,Daman & Diu,2002,42,,,,,,
IND025,Daman & Diu,2004,37,,,,,,
IND025,Daman & Diu,2005,28,,,,,,
IND025,Daman & Diu,2006,28,,,,,,
IND025,Daman & Diu,2007,27,,,,,,
IND025,Daman & Diu,2008,31,,,,,,
IND026,Dadra & Nagar Haveli,1990,58,2,,,,,,
IND026,Dadra & Nagar Haveli,1991,68,,,,,,
IND026,Dadra & Nagar Haveli,1992,63,9,,,,,,
IND026,Dadra & Nagar Haveli,1993,42,7,,,,,,
IND026,Dadra & Nagar Haveli,1994,79,5,,,,,,
IND026,Dadra & Nagar Haveli,1995,76,4,,,,,,
IND026,Dadra & Nagar Haveli,1996,57,2,,,,,,
IND026,Dadra & Nagar Haveli,1997,54,3,,,,,,
IND026,Dadra & Nagar Haveli,2000,58,,,,,,
IND026,Dadra & Nagar Haveli,2001,58,,,,,,
IND026,Dadra & Nagar Haveli,2002,56,,,,,,
IND026,Dadra & Nagar Haveli,2004,48,,,,,,
IND026,Dadra & Nagar Haveli,2005,42,,,,,,
IND026,Dadra & Nagar Haveli,2006,35,,,,,,
IND026,Dadra & Nagar Haveli,2007,34,,,,,,
IND026,Dadra & Nagar Haveli,2008,34,,,,,,
IND027,Maharashtra,1971,105,,,,,,
IND027,Maharashtra,1972,101,,,,,,
IND027,Maharashtra,1973,116,,,,,,
IND027,Maharashtra,1974,89,,,,,,
IND027,Maharashtra,1975,92,,,,,,
IND027,Maharashtra,1976,83,,,,,,
IND027,Maharashtra,1977,108,,,,,,
IND027,Maharashtra,1978,81,,,,,,
IND027,Maharashtra,1979,86,,,,,,
IND027,Maharashtra,1980,75,,,,,,
IND027,Maharashtra,1981,79,,,,,,
IND027,Maharashtra,1982,70,,,,,,
IND027,Maharashtra,1983,79,,,,,,
IND027,Maharashtra,1984,76,,,,,,
IND027,Maharashtra,1985,68,,,,,,
IND027,Maharashtra,1986,64,,,,,,
IND027,Maharashtra,1987,66,,,,,,
IND027,Maharashtra,1990,58,,,,,,
IND027,Maharashtra,1991,60,,,,,,
IND027,Maharashtra,1992,59,,,,,,
IND027,Maharashtra,1992,50,5,,,,,,
IND027,Maharashtra,1993,50,,,,,,
IND027,Maharashtra,1993,50,5,,,,,,
IND027,Maharashtra,1994,55,,,,,,
IND027,Maharashtra,1995,55,,,,,,
IND027,Maharashtra,1996,48,,,,,,
IND027,Maharashtra,1997,47,,,,,,
IND027,Maharashtra,1998,49,,,,,,
IND027,Maharashtra,1998,43,7,,,,,,
IND027,Maharashtra,1999,48,,,,,,
IND027,Maharashtra,1999,43,7,,,,,,
IND027,Maharashtra,2000,48,,,,,,
IND027,Maharashtra,2001,45,,,,,,
IND027,Maharashtra,2002,45,,,,,,
IND027,Maharashtra,2003,42,,,,,,
IND027,Maharashtra,2004,36,,,,,,
IND027,Maharashtra,2005,36,,,,,,
IND027,Maharashtra,2005,37,5,National Family Health Survey-3 Final Report, 2005-2006,,,,,
IND027,Maharashtra,2006,35,,,,,,
IND027,Maharashtra,2006,37,5,National Family Health Survey-3 Final Report, 2005-2006,,,,,
IND027,Maharashtra,2007,34,,,,,,
IND027,Maharashtra,2008,33,,,,,,
IND027,Maharashtra,2009,31,,,,,,
IND028,Andhra Pradesh,1971,106,,,,,,
IND028,Andhra Pradesh,1972,116,,,,,,
IND028,Andhra Pradesh,1973,105,,,,,,
IND028,Andhra Pradesh,1974,111,,,,,,
IND028,Andhra Pradesh,1975,123,,,,,,
IND028,Andhra Pradesh,1976,122,,,,,,
IND028,Andhra Pradesh,1977,125,,,,,,
IND028,Andhra Pradesh,1978,117,,,,,,
IND028,Andhra Pradesh,1979,106,,,,,,
IND028,Andhra Pradesh,1980,92,,,,,,
IND028,Andhra Pradesh,1981,86,,,,,,
IND028,Andhra Pradesh,1982,79,,,,,,
IND028,Andhra Pradesh,1983,77,,,,,,
IND028,Andhra Pradesh,1984,78,,,,,,
IND028,Andhra Pradesh,1985,83,,,,,,
IND028,Andhra Pradesh,1986,82,,,,,,
IND028,Andhra Pradesh,1987,79,,,,,,
IND028,Andhra Pradesh,1990,70,,,,,,
IND028,Andhra Pradesh,1991,73,,,,,,
IND028,Andhra Pradesh,1992,71,,,,,,
IND028,Andhra Pradesh,1992,70,4,,,,,,
IND028,Andhra Pradesh,1993,64,,,,,,
IND028,Andhra Pradesh,1993,70,4,,,,,,
IND028,Andhra Pradesh,1994,65,,,,,,
IND028,Andhra Pradesh,1995,67,,,,,,
IND028,Andhra Pradesh,1996,65,,,,,,
IND028,Andhra Pradesh,1997,63,,,,,,
IND028,Andhra Pradesh,1998,66,,,,,,
IND028,Andhra Pradesh,1998,65,8,,,,,,
IND028,Andhra Pradesh,1999,66,,,,,,
IND028,Andhra Pradesh,1999,65,8,,,,,,
IND028,Andhra Pradesh,2000,65,,,,,,
IND028,Andhra Pradesh,2001,66,,,,,,
IND028,Andhra Pradesh,2002,62,,,,,,
IND028,Andhra Pradesh,2003,59,,,,,,
IND028,Andhra Pradesh,2004,59,,,,,,
IND028,Andhra Pradesh,2005,57,,,,,,
IND028,Andhra Pradesh,2005,53,5,National Family Health Survey-3 Final Report, 2005-2006,,,,,
IND028,Andhra Pradesh,2006,56,,,,,,
IND028,Andhra Pradesh,2006,53,5,National Family Health Survey-3 Final Report, 2005-2006,,,,,
IND028,Andhra Pradesh,2007,54,,,,,,
IND028,Andhra Pradesh,2008,52,,,,,,
IND028,Andhra Pradesh,2009,49,,,,,,
IND029,Karnataka,1971,95,,,,,,
IND029,Karnataka,1972,95,,,,,,
IND029,Karnataka,1973,90,,,,,,
IND029,Karnataka,1974,86,,,,,,
IND029,Karnataka,1975,80,,,,,,
IND029,Karnataka,1976,89,,,,,,
IND029,Karnataka,1977,83,,,,,,
IND029,Karnataka,1978,82,,,,,,
IND029,Karnataka,1979,83,,,,,,
IND029,Karnataka,1980,71,,,,,,
IND029,Karnataka,1981,69,,,,,,
IND029,Karnataka,1982,65,,,,,,
IND029,Karnataka,1983,71,,,,,,
IND029,Karnataka,1984,74,,,,,,
IND029,Karnataka,1985,69,,,,,,
IND029,Karnataka,1986,73,,,,,,
IND029,Karnataka,1987,75,,,,,,
IND029,Karnataka,1990,70,,,,,,
IND029,Karnataka,1991,77,,,,,,
IND029,Karnataka,1992,73,,,,,,
IND029,Karnataka,1992,65,4,,,,,,
IND029,Karnataka,1993,67,,,,,,
IND029,Karnataka,1993,65,4,,,,,,
IND029,Karnataka,1994,67,,,,,,
IND029,Karnataka,1995,62,,,,,,
IND029,Karnataka,1996,53,,,,,,
IND029,Karnataka,1997,53,,,,,,
IND029,Karnataka,1998,58,,,,,,
IND029,Karnataka,1998,51,5,,,,,,
IND029,Karnataka,1999,58,,,,,,
IND029,Karnataka,1999,51,5,,,,,,
IND029,Karnataka,2000,57,,,,,,
IND029,Karnataka,2001,58,,,,,,
IND029,Karnataka,2002,55,,,,,,
IND029,Karnataka,2003,52,,,,,,
IND029,Karnataka,2004,49,,,,,,
IND029,Karnataka,2005,50,,,,,,
IND029,Karnataka,2005,43,2,National Family Health Survey-3 Final Report, 2005-2006,,,,,
IND029,Karnataka,2006,48,,,,,,
IND029,Karnataka,2006,43,2,National Family Health Survey-3 Final Report, 2005-2006,,,,,
IND029,Karnataka,2007,47,,,,,,
IND029,Karnataka,2008,45,,,,,,
IND029,Karnataka,2009,41,,,,,,
IND030,Goa,1990,20,7,,,,,,
IND030,Goa,1991,20,8,,,,,,
IND030,Goa,1992,19,3,,,,,,
IND030,Goa,1992,31,9,,,,,,
IND030,Goa,1993,26,9,,,,,,
IND030,Goa,1993,31,9,,,,,,
IND030,Goa,1994,3,5,,,,,,
IND030,Goa,1995,16,5,,,,,,
IND030,Goa,1996,24,8,,,,,,
IND030,Goa,1997,17,1,,,,,,
IND030,Goa,1998,36,7,,,,,,
IND030,Goa,1999,36,7,,,,,,
IND030,Goa,2000,23,,,,,,
IND030,Goa,2001,19,,,,,,
IND030,Goa,2002,17,,,,,,
IND030,Goa,2003,16,,,,,,
IND030,Goa,2004,17,,,,,,
IND030,Goa,2005,16,,,,,,
IND030,Goa,2005,15,3,National Family Health Survey-3 Final Report, 2005-2006,,,,,
IND030,Goa,2006,15,,,,,,
IND030,Goa,2006,15,3,National Family Health Survey-3 Final Report, 2005-2006,,,,,
IND030,Goa,2007,13,,,,,,
IND030,Goa,2008,10,,,,,,
IND030,Goa,2009,11,Based on three-years period 2007-09. On account of wide year-to-year fluctuations due to inadequate sample size, the infant mortality rate by sex, separately for rural and urban areas is not given.,,,,,
IND031,Lakshadweep,1990,19,6,,,,,,
IND031,Lakshadweep,1991,43,8,,,,,,
IND031,Lakshadweep,1992,14,4,,,,,,
IND031,Lakshadweep,1993,6,9,,,,,,
IND031,Lakshadweep,1994,34,3,,,,,,
IND031,Lakshadweep,1995,58,1,,,,,,
IND031,Lakshadweep,1996,16,3,,,,,,
IND031,Lakshadweep,1997,34,5,,,,,,
IND031,Lakshadweep,2000,27,,,,,,
IND031,Lakshadweep,2001,33,,,,,,
IND031,Lakshadweep,2002,25,,,,,,
IND031,Lakshadweep,2004,30,,,,,,
IND031,Lakshadweep,2005,22,,,,,,
IND031,Lakshadweep,2006,25,,,,,,
IND031,Lakshadweep,2007,24,,,,,,
IND031,Lakshadweep,2008,31,,,,,,
IND032,Kerala,1971,58,,,,,,
IND032,Kerala,1972,63,,,,,,
IND032,Kerala,1973,54,,,,,,
IND032,Kerala,1974,54,,,,,,
IND032,Kerala,1975,54,,,,,,
IND032,Kerala,1976,56,,,,,,
IND032,Kerala,1977,47,,,,,,
IND032,Kerala,1978,42,,,,,,
IND032,Kerala,1979,43,,,,,,
IND032,Kerala,1980,40,,,,,,
IND032,Kerala,1981,37,,,,,,
IND032,Kerala,1982,30,,,,,,
IND032,Kerala,1983,33,,,,,,
IND032,Kerala,1984,29,,,,,,
IND032,Kerala,1985,31,,,,,,
IND032,Kerala,1986,27,,,,,,
IND032,Kerala,1987,28,,,,,,
IND032,Kerala,1990,16,,,,,,
IND032,Kerala,1991,16,,,,,,
IND032,Kerala,1992,17,,,,,,
IND032,Kerala,1992,23,8,,,,,,
IND032,Kerala,1993,13,,,,,,
IND032,Kerala,1993,23,8,,,,,,
IND032,Kerala,1994,16,,,,,,
IND032,Kerala,1995,15,,,,,,
IND032,Kerala,1996,14,,,,,,
IND032,Kerala,1997,12,,,,,,
IND032,Kerala,1998,16,,,,,,
IND032,Kerala,1998,16,3,,,,,,
IND032,Kerala,1999,14,,,,,,
IND032,Kerala,1999,16,3,,,,,,
IND032,Kerala,2000,14,,,,,,
IND032,Kerala,2001,11,,,,,,
IND032,Kerala,2002,10,,,,,,
IND032,Kerala,2003,11,,,,,,
IND032,Kerala,2004,12,,,,,,
IND032,Kerala,2005,14,,,,,,
IND032,Kerala,2005,15,3,National Family Health Survey-3 Final Report, 2005-2006,,,,,
IND032,Kerala,2006,15,,,,,,
IND032,Kerala,2006,15,3,National Family Health Survey-3 Final Report, 2005-2006,,,,,
IND032,Kerala,2007,13,,,,,,
IND032,Kerala,2008,12,,,,,,
IND032,Kerala,2009,12,,,,,,
IND033,Tamil Nadu,1971,113,,,,,,
IND033,Tamil Nadu,1972,121,,,,,,
IND033,Tamil Nadu,1973,108,,,,,,
IND033,Tamil Nadu,1974,106,,,,,,
IND033,Tamil Nadu,1975,112,,,,,,
IND033,Tamil Nadu,1976,110,,,,,,
IND033,Tamil Nadu,1977,103,,,,,,
IND033,Tamil Nadu,1978,105,,,,,,
IND033,Tamil Nadu,1979,100,,,,,,
IND033,Tamil Nadu,1980,93,,,,,,
IND033,Tamil Nadu,1981,91,,,,,,
IND033,Tamil Nadu,1982,83,,,,,,
IND033,Tamil Nadu,1983,87,,,,,,
IND033,Tamil Nadu,1984,78,,,,,,
IND033,Tamil Nadu,1985,81,,,,,,
IND033,Tamil Nadu,1986,80,,,,,,
IND033,Tamil Nadu,1987,76,,,,,,
IND033,Tamil Nadu,1990,59,,,,,,
IND033,Tamil Nadu,1991,57,,,,,,
IND033,Tamil Nadu,1992,58,,,,,,
IND033,Tamil Nadu,1992,67,7,,,,,,
IND033,Tamil Nadu,1993,57,,,,,,
IND033,Tamil Nadu,1993,67,7,,,,,,
IND033,Tamil Nadu,1994,59,,,,,,
IND033,Tamil Nadu,1995,54,,,,,,
IND033,Tamil Nadu,1996,53,,,,,,
IND033,Tamil Nadu,1997,53,,,,,,
IND033,Tamil Nadu,1998,53,,,,,,
IND033,Tamil Nadu,1998,48,2,,,,,,
IND033,Tamil Nadu,1999,52,,,,,,
IND033,Tamil Nadu,1999,48,2,,,,,,
IND033,Tamil Nadu,2000,51,,,,,,
IND033,Tamil Nadu,2001,49,,,,,,
IND033,Tamil Nadu,2002,44,,,,,,
IND033,Tamil Nadu,2003,43,,,,,,
IND033,Tamil Nadu,2004,41,,,,,,
IND033,Tamil Nadu,2005,37,,,,,,
IND033,Tamil Nadu,2005,30,4,National Family Health Survey-3 Final Report, 2005-2006,,,,,
IND033,Tamil Nadu,2006,37,,,,,,
IND033,Tamil Nadu,2006,30,4,National Family Health Survey-3 Final Report, 2005-2006,,,,,
IND033,Tamil Nadu,2007,35,,,,,,
IND033,Tamil Nadu,2008,31,,,,,,
IND033,Tamil Nadu,2009,28,,,,,,
IND034,Pondicherry,1990,27,3,,,,,,
IND034,Pondicherry,1991,21,2,,,,,,
IND034,Pondicherry,1992,47,7,,,,,,
IND034,Pondicherry,1993,20,5,,,,,,
IND034,Pondicherry,1994,36,7,,,,,,
IND034,Pondicherry,1995,21,9,,,,,,
IND034,Pondicherry,1996,14,6,,,,,,
IND034,Pondicherry,1997,29,5,,,,,,
IND034,Pondicherry,2000,23,,,,,,
IND034,Pondicherry,2001,22,,,,,,
IND034,Pondicherry,2002,22,,,,,,
IND034,Pondicherry,2004,24,,,,,,
IND034,Pondicherry,2005,28,,,,,,
IND034,Pondicherry,2006,28,,,,,,
IND034,Pondicherry,2007,25,,,,,,
IND034,Pondicherry,2008,25,,,,,,
IND035,Andaman & Nicobar Islands,1990,42,8,,,,,,
IND035,Andaman & Nicobar Islands,1991,30,,,,,,
IND035,Andaman & Nicobar Islands,1992,23,6,,,,,,
IND035,Andaman & Nicobar Islands,1993,33,4,,,,,,
IND035,Andaman & Nicobar Islands,1994,15,6,,,,,,
IND035,Andaman & Nicobar Islands,1995,35,6,,,,,,
IND035,Andaman & Nicobar Islands,1996,29,5,,,,,,
IND035,Andaman & Nicobar Islands,1997,34,4,,,,,,
IND035,Andaman & Nicobar Islands,2000,23,,,,,,
IND035,Andaman & Nicobar Islands,2001,18,,,,,,
IND035,Andaman & Nicobar Islands,2002,15,,,,,,
IND035,Andaman & Nicobar Islands,2004,19,,,,,,
IND035,Andaman & Nicobar Islands,2005,27,,,,,,
IND035,Andaman & Nicobar Islands,2006,31,,,,,,
IND035,Andaman & Nicobar Islands,2007,34,,,,,,
IND035,Andaman & Nicobar Islands,2008,31,,,,,,
IND035,Andaman & Nicobar Islands,2009,27,Based on three-years period 2007-09. On account of wide year-to-year fluctuations due to inadequate sample size, the infant mortality rate by sex, separately for rural and urban areas is not given.,,,,,
RA001011,Rondonia,2005,21,1,,,,,,
RA001011,Rondonia,2007,19,9,,,,,,